{"cameraMode":{"drawMode":0,"name":"Shaded","section":"Shading Mode"},"sceneLighting":true,"audioPlay":false,"sceneViewState":{"m_AlwaysRefresh":false,"showFog":true,"showSkybox":true,"showFlares":true,"showImageEffects":true,"showParticleSystems":true,"showVisualEffectGraphs":true,"m_FxEnabled":true},"in2DMode":false,"pivot":{"x":-0.5386573076248169,"y":5.901055335998535,"z":-1.7431204319000245},"rotation":{"x":0.1448686569929123,"y":0.20094124972820283,"z":-0.030060982331633569,"w":0.9683652520179749},"size":10.666481971740723,"orthographic":true}